id,sn,placeholder_name,fn,category,sub_category,weight,stack_limit,quality,tags,source,production_lines,spoilage_ticks,price_class,volatility,region_restrict,base_value,satiety_restore,thirst_restore,nutrition_restore,edible,edible_buff_id,food_buff_duration_ticks,cooking_ingredient,pharmacy_ingredient,info_module_set_id
food_stew_meat_simple,肉末杂煮,稠肉糊,用兽肉和野果一起煮成的糊状食物，能填饱肚子并恢复少许体力。,food,stew,0.4,10,white,food;consumable;cook,cook,cook,600,life_good,mid,0,200,,,,1,buff_food_stew_meat_simple,10,,,module.food_basic
food_flatbread_plain,粗面饼,硬面饼,用粗粮烙成的薄饼，耐放但口感偏硬，适合赶路时充饥。,food,bread,0.2,20,white,food;consumable;cook,cook,cook,3600,life_good,low,0,110,,,,1,buff_food_flatbread_plain,10,,
food_herb_tea_bitter,苦根茶,苦茶,用苦根草煮出的茶汤，喝下去能略微退热提神，味道很苦。,food,tea,0.15,15,white,food;consumable;cook;alchemy,cook,cook,600,material,mid,0,260,,,,1,buff_food_herb_tea_bitter,10,,
food_fish_soup_clear,清汤鱼羹,鱼汤,用河鱼和清香叶熬成的清汤，暖胃且能恢复较多饱食与饮水。,food,soup,0.35,8,white,food;consumable;cook,cook;fishing,cook,600,life_good,mid,0,300,,,,1,buff_food_fish_soup_clear,10,,
food_dried_meat_strip,风干肉条,干肉条,晒干后的兽肉条，不易坏，嚼起来费劲但能长时间顶饿。,food,dried,0.1,30,white,food;consumable;cook,cook,cook,3600,life_good,low,0,170,,,,1,buff_food_dried_meat_strip,10,,
food_dish_beef_brisket_stew,清炖牛腩,炖牛腩,牛腩与根茎蔬菜慢炖，汤清肉糯，饱足感强。,food,stew,0.55,8,white,food;consumable;cook;cooked,cook,cook,600,life_good,mid,0,,,,,1,buff_food_dish_beef_brisket_stew,12,,
food_dish_pig_trotter_bean_soup,猪蹄豆汤,蹄花汤,猪蹄与大白芸豆熬到胶质出汤，浓稠暖胃。,food,soup,0.5,8,white,food;consumable;cook;cooked,cook,cook,600,life_good,mid,0,,,,,1,buff_food_dish_pig_trotter_bean_soup,12,,
food_dish_whitefish_soup_deluxe,清汤鱼羹（强化）,葱姜鱼汤,白身鱼配葱姜细熬，比简版更鲜一层。,food,soup,0.38,8,white,food;consumable;cook;cooked,cook;fishing,cook,600,life_good,mid,0,,,,,1,buff_food_dish_whitefish_soup_deluxe,12,,
food_dish_chicken_dice_stirfry,小炒鸡丁,辣炒鸡丁,鸡丁配椒蒜姜猪油爆炒，下饭。,food,stirfry,0.35,10,white,food;consumable;cook;cooked,cook,cook,600,life_good,mid,0,,,,,1,buff_food_dish_chicken_dice_stirfry,10,,
food_dish_squid_stirfry,爆炒鱿鱼,辣鱿鱼,鱿鱼圈急火爆炒，镬气足。,food,stirfry,0.32,10,white,food;consumable;cook;cooked,cook;fishing,cook,600,life_good,mid,0,,,,,1,buff_food_dish_squid_stirfry,10,,
food_dish_beef_onion_stirfry,洋葱牛肉快炒,葱爆牛,牛肩配洋葱黑胡椒猪油快炒。,food,stirfry,0.4,10,white,food;consumable;cook;cooked,cook,cook,600,life_good,mid,0,,,,,1,buff_food_dish_beef_onion_stirfry,10,,
food_dish_salt_grilled_whitefish,盐烤白身鱼,盐烤鱼片,盐、柠檬与炭火烤出的白身鱼，外干里嫩。,food,grill,0.45,8,white,food;consumable;cook;cooked,cook;fishing,cook,600,life_good,mid,0,,,,,1,buff_food_dish_salt_grilled_whitefish,11,,
food_dish_applewood_turkey_roast,苹果木烤火鸡块,木熏火鸡,苹果木与迷迭香熏烤火鸡肉，带淡淡果木香。,food,roast,0.5,8,white,food;consumable;cook;cooked,cook,cook,600,life_good,mid,0,,,,,1,buff_food_dish_applewood_turkey_roast,11,,
food_dish_roasted_potato_herbs,烤土豆佐香草,香草烤薯,土豆抹猪油撒百里香海盐烤到焦边。,food,roast,0.3,12,white,food;consumable;cook;cooked,cook,cook,3600,life_good,low,0,,,,,1,buff_food_dish_roasted_potato_herbs,10,,
food_dish_steamed_egg_custard,蒸水蛋,嫩蛋羹,蛋与软水蒸成镜面羹，清淡易咽。,food,steam,0.25,15,white,food;consumable;cook;cooked,cook,cook,600,life_good,mid,0,,,,,1,buff_food_dish_steamed_egg_custard,10,,
food_dish_lotus_glutinous_chicken,荷叶糯米鸡,荷香糯米鸡,荷叶包糯米鸡肉香菇蒸透，一口油润。,food,steam,0.48,6,white,food;consumable;cook;cooked,cook,cook,600,life_good,mid,0,,,,,1,buff_food_dish_lotus_glutinous_chicken,12,,
food_dish_steamed_bream,清蒸鲂鱼,清蒸鱼,鲂鱼配葱姜盐清蒸，湖鲜本味。,food,steam,0.55,6,white,food;consumable;cook;cooked,cook;fishing,cook,600,life_good,mid,0,,,,,1,buff_food_dish_steamed_bream,11,,
food_dish_fried_potato_chunks,炸土豆块,炸薯角,猪油里炸到外脆里沙的土豆块。,food,fry,0.28,12,white,food;consumable;cook;cooked,cook,cook,3600,life_good,low,0,,,,,1,buff_food_dish_fried_potato_chunks,10,,
food_dish_river_shrimp_soft_fry,软炸河虾仁,软炸虾仁,虾仁挂薄糊软炸，外酥里弹。,food,fry,0.3,8,white,food;consumable;cook;cooked,cook;fishing,cook,600,life_good,mid,0,,,,,1,buff_food_dish_river_shrimp_soft_fry,10,,
food_dish_salted_cucumber,盐渍黄瓜,脆黄瓜,盐蒜腌渍的黄瓜条，爽脆开胃。,food,pickle,0.22,20,white,food;consumable;cook;cooked,cook,cook,3600,life_good,low,0,,,,,1,buff_food_dish_salted_cucumber,8,,
food_dish_herb_cured_pork_slices,香草腌肉片,腌五花肉,粗盐与香草蒜腌入味的猪腩片，宜再烹或薄煎。,food,pickle,0.35,12,white,food;consumable;cook;cooked,cook,cook,3600,material,mid,0,,,,,1,buff_food_dish_herb_cured_pork_slices,9,,
food_dish_beet_kvass,甜菜发酵饮,甜菜饮,甜菜糖盐轻发酵的爽口饮，偏解渴。,food,drink,0.35,8,white,food;consumable;cook;cooked,cook,cook,600,life_good,mid,0,,,,,1,buff_food_dish_beet_kvass,10,,
food_dish_buffalo_yogurt,水牛酸奶,浓酸奶,水牛奶加糖发酵的稠酸奶，奶香重。,food,dairy,0.35,10,white,food;consumable;cook;cooked,cook,cook,600,life_good,mid,0,,,,,1,buff_food_dish_buffalo_yogurt,10,,
food_dish_sesame_garlic_salad,芝麻蒜香拌菜,凉拌菜,芝麻蒜泥椒油拌黄瓜，清爽辛辣。,food,salad,0.25,12,white,food;consumable;cook;cooked,cook,cook,3600,life_good,low,0,,,,,1,buff_food_dish_sesame_garlic_salad,9,,
food_dish_mustard_beef_tongue,黄芥末蘸牛舌,冷切牛舌,牛舌配黄芥末与柠檬的冷盘风味。,food,cold,0.35,8,white,food;consumable;cook;cooked,cook,cook,600,material,mid,0,,,,,1,buff_food_dish_mustard_beef_tongue,10,,
potion_hemostatic_cloth,止血布包,止血布,浸过药汁的布条，包扎伤口可较快止住流血。,potion,hemostatic,0.1,20,white,consumable;medical;alchemy,alchemy;buy,alchemy,0,life_good,mid,0,420,0,0,0,,,,,
potion_painkiller_herb,镇痛药丸,镇痛丸,用赤花藤等炼成的小丸，服下后一段时间内痛感减轻，有人会犯困。,potion,painkiller,0.05,25,white,consumable;medical;alchemy,alchemy,alchemy,0,material,mid,0,380,0,0,0,,,,,
potion_energy_brew,提神药汤,提神汤,苦味药汤，短时内精神与体力恢复略快，不宜连续多服。,potion,stimulant,0.2,10,white,consumable;medical;alchemy,alchemy,alchemy,0,material,high,0,520,0,0,0,,,,,
potion_antidote_basic,简易解毒散,解毒散,针对常见虫蛇毒的粉末，冲水服下或外敷，能缓解轻症。,potion,antidote,0.08,15,white,consumable;medical;alchemy,alchemy,alchemy,0,material,mid,0,460,0,0,0,,,,,
supply_bandage_cloth,布制绷带,布绷带,干净布条缠成的绷带，可做简单包扎，减少伤口继续恶化。,supply,bandage,0.08,25,white,consumable;medical;craft,craft;buy,craft,0,life_good,low,0,140,0,0,0,,,,,
supply_torch_bamboo,竹火把,竹火把,竹杆缠布浸油制成的火把，点燃后可照明一段时间，遇风易灭。,supply,torch,0.5,5,white,consumable;tool;craft,craft,craft,0,life_good,low,0,95,0,0,0,,,,,
supply_rope_hemp_short,短麻绳,短麻绳,一截结实的麻绳，可捆绑、攀援或与机关配合使用。,supply,rope,0.3,10,white,tool;craft;consumable,craft,craft,0,material,low,0,110,0,0,0,,,,,
supply_flint_fire,火石,火石,打火用的火石与铁片，能反复使用，在干燥处较易引火。,supply,fire_start,0.1,3,white,tool;craft;consumable,craft;buy,craft,0,life_good,low,0,85,0,0,0,,,,,
wild_fruit_red,红火莓,红野果,灌木丛里摘的小红果，酸里带涩，生吃能垫垫肚子，也有人拿来煮酱或泡酒。,food,berry,0.05,10,white,food;consumable;cook,gathering,cook,600,life_good,mid,0,65,,,,1,buff_food_wild_fruit_red,10,,
wild_fruit_purple,紫苏果,紫野果,熟透的紫黑色小果，甜味重些，放不久，适合当场吃或很快用掉。,food,berry,0.05,10,white,food;consumable;cook,gathering,cook,600,life_good,mid,0,75,,,,1,buff_food_wild_fruit_purple,10,,
wild_fruit_yellow,黄肚柑,黄野果,偏黄的小野果，口感略绵，能充饥，晒干或煮过更好保存。,food,berry,0.06,10,white,food;consumable;cook,gathering,cook,3600,life_good,low,0,55,,,,1,buff_food_wild_fruit_yellow,10,,
herb_green,青草尖,青嫩叶,随手掐的嫩草叶，嚼着有点草腥，能稍微解渴，常被当零嘴或塞进干粮里。,food,herb_raw,0.02,10,white,food;consumable,gathering,,600,life_good,low,0,45,,,,1,buff_food_herb_green,10,,
herb_bitter,涩堇草,苦尖叶,叶子带苦味，有人嚼了提神，也有人煮水当凉茶，用量多了会拉肚子。,food,herb_raw,0.02,10,white,food;consumable,gathering,cook,600,material,mid,0,130,,,,1,buff_food_herb_bitter,10,,
herb_sweet,甘花茎,甜根叶,叶柄和茎带一点甜味，嚼一嚼能压饿，乡下常当小孩的零食。,food,herb_raw,0.03,10,white,food;consumable,gathering,,600,life_good,low,0,70,,,,1,buff_food_herb_sweet,10,,
food_cooking_fail_generic,糊灶残渣（占位）,焦黑结块,TODO：策划补全展示名、描述、是否叠加其它 Buff；烹饪失败时全局产出。,food,cooking_fail,0.12,30,white,food;consumable;cook;cooking_fail,cook,cook,600,material,low,0,,,,,1,buff_food_cooking_fail_generic,10,,
