"id","sn","placeholder_name","fn","category","sub_category","weight","stack_limit","quality","tags","source","production_lines","spoilage_ticks","price_class","volatility","region_restrict","base_value","water_points","cooking_ingredient","weapon_attack_power","skill_coef","pharmacy_ingredient","info_module_set_id","assembly_slots","assembly_types","fishing_load_rating","fishing_length_dm","fishing_cast_range_dm"
"fishing_rod_hand_basic","基础手竿","一根长竿","四点五米的中调手竿，竿体完整，前端可连接一套主线。","tool","fishing_rod","0.45","1","white","tool;fishing;assembly_root","craft;warehouse","craft","0","life_good","low","0","600","","","","","","","{""main_line"":{""accepts"":[""fishing.main_line""],""required"":true}}","[""fishing.rig_root""]","4","","60"
"fishing_line_main_nylon_thin","尼龙主线·细","一卷细线","四米定长的细尼龙主线，可连接浮漂、铅坠和子线。","tool","fishing_main_line","0.03","1","white","tool;fishing;assembly_part","craft;warehouse","craft","0","life_good","low","0","120","","","","","","","{""float"":{""accepts"":[""fishing.float""]},""sinker"":{""accepts"":[""fishing.sinker""]},""leader"":{""accepts"":[""fishing.leader""],""required"":true}}","[""fishing.main_line""]","3","40",""
"fishing_leader_nylon_basic","尼龙子线","一段短细线","半米定长的尼龙子线，末端可连接鱼钩。","tool","fishing_leader","0.01","1","white","tool;fishing;assembly_part","craft;warehouse","craft","0","life_good","low","0","50","","","","","","","{""hook"":{""accepts"":[""fishing.hook""],""required"":true}}","[""fishing.leader""]","2","5",""
"fishing_float_small","小吃铅浮漂","一件细长的轻质物件","小型浮漂，可装在主线上观察水面动静。","tool","fishing_float","0.02","1","white","tool;fishing;assembly_part","craft;warehouse","craft","0","life_good","low","0","80","","","","","","","","[""fishing.float""]","","",""
"fishing_sinker_fixed_1g","固定铅坠·一克","一枚沉重的小物件","固定重量的一克铅坠，不裁剪也不自动配重。","tool","fishing_sinker","0.001","1","white","tool;fishing;assembly_part","craft;warehouse","craft","0","material","low","0","30","","","","","","","","[""fishing.sinker""]","","",""
"fishing_hook_single_small","小号单钩","一枚小钩","可重复使用的小号单钩，钩上可挂一份鱼饵。","tool","fishing_hook","0.005","1","white","tool;fishing;assembly_part","craft;warehouse","craft","0","material","low","0","40","","","","","","","{""bait"":{""accepts"":[""fishing.bait""]}}","[""fishing.hook""]","3","",""
"fishing_bait_worm","蚯蚓饵","一小份蠕动的虫体","一份可挂上鱼钩的活饵，会随时间失去新鲜。","bait","fishing_bait","0.01","10","white","bait;fishing;perishable","gathering;warehouse","","600","material","low","0","8","","","","","","","","[""fishing.bait""]","","",""
"fishing_bait_grain","谷物饵小份","一小团谷物食物","一份软质谷物食物。","tool","fishing","0.01","10","white","fishing","","","600","material","","","20","","","","","","","","[""fishing.bait""]","","",""
"fishing_float_large","较大吃铅浮漂","一件细长的轻质物件","较大的浮漂。","tool","fishing","0.03","1","white","fishing","","","0","material","","","20","","","","","","","","[""fishing.float""]","","",""
"fishing_sinker_fixed_2g","固定铅坠·两克","一枚沉重的小物件","固定重量的两克铅坠。","tool","fishing","0.002","1","white","fishing","","","0","material","","","20","","","","","","","","[""fishing.sinker""]","","",""
"fishing_sinker_fixed_3g","固定铅坠·三克","一枚沉重的小物件","固定重量的三克铅坠。","tool","fishing","0.003","1","white","fishing","","","0","material","","","20","","","","","","","","[""fishing.sinker""]","","",""
"fishing_hook_single_medium","中号单钩","一枚弯曲的尖钩","中号单钩。","tool","fishing","0.008","1","white","fishing","","","0","material","","","20","","","","","","","{""bait"":{""accepts"":[""fishing.bait""]}}","[""fishing.hook""]","4","",""
"fishing_line_main_nylon_thick","尼龙主线·粗","一卷较粗的细线","四米定长尼龙主线。","tool","fishing","0.04","1","white","fishing","","","0","material","","","20","","","","","","","{""float"":{""accepts"":[""fishing.float""]},""sinker"":{""accepts"":[""fishing.sinker""]},""leader"":{""accepts"":[""fishing.leader""],""required"":true}}","[""fishing.main_line""]","4","40",""
"fishing_leader_carbon","碳线子线","一段短细线","半米定长碳线子线。","tool","fishing","0.01","1","white","fishing","","","0","material","","","20","","","","","","","{""hook"":{""accepts"":[""fishing.hook""],""required"":true}}","[""fishing.leader""]","3","5",""
"fishing_catch_crucian","鲫鱼","一条银灰色高身鱼","侧身较高，鳞片细密的鱼。","material","fish","0.2","1","white","fishing","","","144","material","","","20","","1","","","","","","","","",""
"fishing_catch_bleak","白条","一条银亮细长鱼","身体细长，鳞片银亮的小鱼。","material","fish","0.06","1","white","fishing","","","144","material","","","20","","1","","","","","","","","",""
"fishing_catch_carp","鲤鱼","一条嘴边带短须的鱼","鳞片明显，嘴边带短须的鱼。","material","fish","1","1","white","fishing","","","144","material","","","20","","1","","","","","","","","",""
"fishing_rod_lure_basic","基础路亚竿","一根带环的短竿","两米四的竿身带有导环和轮座，可装渔轮和整套线组。","tool","fishing_rod","0.3","1","white","tool;fishing;assembly_root","trade","","0","life_good","low","0","600","","","","","","","{""reel"":{""accepts"":[""fishing.reel""],""required"":true}}","[""fishing.rig_root"",""fishing.lure_rod""]","4","","180"
"fishing_reel_basic","基础渔轮","一件带摇柄的绕线器","带线杯和可调松紧的绕线器，独立安装在竿上。","tool","fishing_reel","0.28","1","white","tool;fishing;assembly_part","trade","","0","life_good","low","0","600","","","","","","","{""main_line"":{""accepts"":[""fishing.lure_line""],""required"":true}}","[""fishing.reel""]","4","",""
"fishing_line_braid_fixed","编织主线","一卷编成的细绳","二十米固定长度的编织主线，末端可接前导线。","tool","fishing_main_line","0.04","1","white","tool;fishing;assembly_part","trade","","0","life_good","low","0","120","","","","","","","{""leader"":{""accepts"":[""fishing.lure_leader""],""required"":true}}","[""fishing.main_line"",""fishing.lure_line""]","4","200",""
"fishing_leader_lure_wire","金属前导线","一段坚韧的短金属丝","半米固定长度的金属前导线，末端连接拟饵。","tool","fishing_leader","0.025","1","white","tool;fishing;assembly_part","trade","","0","life_good","low","0","120","","","","","","","{""lure"":{""accepts"":[""fishing.lure""],""required"":true}}","[""fishing.leader"",""fishing.lure_leader""]","4","5",""
"fishing_lure_frog","浮水雷蛙","一件蛙形的软质小物","浮在水面的蛙形拟饵，自带配套钩，不能再挂一份食物。","tool","fishing_lure","0.018","1","white","tool;fishing;assembly_part","trade","","0","material","low","0","40","","","","","","","{}","[""fishing.lure"",""fishing.hook""]","3","",""
"fishing_catch_snakehead","黑鱼","一条带暗色斑纹的大嘴鱼","体形修长、嘴部较大的淡水鱼。","material","fish","1","1","white","fishing","","","144","material","","","20","","1","","","","","","","","",""
"fishing_catch_yellow_catfish","黄颡鱼","一条黄褐色、嘴边长须的小鱼","一条黄褐色、嘴边长须的小鱼。","material","fish","1","1","white","fishing","","","144","material","","","16","","1","","","","","","","","",""
"fishing_catch_catfish","鲶鱼","一条灰褐色、头扁嘴宽的长须鱼","一条灰褐色、头扁嘴宽的长须鱼。","material","fish","1","1","white","fishing","","","144","material","","","24","","1","","","","","","","","",""
